Date,Symbol,Open,High,Low,Close,Close_Adj
2017-09-28,hk00484,13.46,13.8,13.26,13.42,13.32
2017-09-27,hk00484,13.2,13.38,13.2,13.32,13.1
2017-09-26,hk00484,12.8,13.16,12.64,13.1,12.86
2017-09-25,hk00484,13.22,13.3,12.8,12.86,13.6
2017-09-22,hk00484,13.4,13.6,13.26,13.6,13.28
2017-09-21,hk00484,13.68,13.68,13.2,13.28,13.62
2017-09-20,hk00484,13.42,13.72,13.42,13.62,13.4
2017-09-19,hk00484,13.42,13.8,13.3,13.4,13.38
2017-09-18,hk00484,14.04,14.18,13.2,13.38,14.28
2017-09-15,hk00484,14.38,14.56,14.06,14.28,14.36
2017-09-14,hk00484,14.3,14.42,14.3,14.36,14.3
2017-09-13,hk00484,14.3,14.5,14.26,14.3,14.36
2017-09-12,hk00484,14.9,14.9,14.24,14.36,14.92
2017-09-11,hk00484,16.22,16.24,14.52,14.92,16.22
2017-09-08,hk00484,16.62,16.64,16.22,16.22,16.48
2017-09-07,hk00484,16.7,16.8,16.28,16.48,16.56
2017-09-06,hk00484,16.64,16.7,16.2,16.56,16.5
2017-09-05,hk00484,17.3,17.8,16.4,16.5,17.18
2017-09-04,hk00484,15.12,17.36,15.12,17.18,15.06
2017-09-01,hk00484,15.14,15.14,14.9,15.06,15.12
2017-08-31,hk00484,15.04,15.16,14.86,15.12,15.04
2017-08-30,hk00484,14.9,15.12,14.2,15.04,15.0
2017-08-29,hk00484,14.7,15.08,14.6,15.0,15.0
2017-08-28,hk00484,15.0,15.3,14.8,15.0,14.94
2017-08-25,hk00484,14.44,15.1,14.44,14.94,14.7
2017-08-24,hk00484,14.6,14.86,14.36,14.7,14.7
2017-08-22,hk00484,14.62,14.86,14.4,14.7,14.68
2017-08-21,hk00484,14.2,14.8,14.2,14.68,14.48
2017-08-18,hk00484,14.16,14.66,13.96,14.48,14.34
2017-08-17,hk00484,14.3,15.9,14.2,14.34,14.3
2017-08-16,hk00484,13.9,14.38,13.9,14.3,14.2
2017-08-15,hk00484,14.2,14.22,14.08,14.2,14.12
2017-08-14,hk00484,14.2,14.4,14.12,14.12,14.12
2017-08-11,hk00484,14.3,14.46,13.92,14.12,14.46
2017-08-10,hk00484,14.24,14.46,14.1,14.46,14.34
2017-08-09,hk00484,14.2,14.56,14.2,14.34,14.38
2017-08-08,hk00484,14.06,14.54,14.06,14.38,14.36
2017-08-07,hk00484,14.52,14.52,14.12,14.36,14.52
2017-08-04,hk00484,13.74,14.56,13.74,14.52,13.72
2017-08-03,hk00484,13.96,13.96,13.66,13.72,14.0
2017-08-02,hk00484,14.3,14.46,14.0,14.0,14.48
2017-08-01,hk00484,14.4,14.58,14.32,14.48,14.4
2017-07-31,hk00484,14.38,14.56,14.38,14.4,14.56
2017-07-28,hk00484,14.3,14.6,14.3,14.56,14.42
2017-07-27,hk00484,14.38,14.5,14.36,14.42,14.36
2017-07-26,hk00484,14.36,14.36,14.16,14.36,14.36
2017-07-25,hk00484,14.5,14.62,14.34,14.36,14.5
2017-07-24,hk00484,14.32,14.54,14.32,14.5,14.32
2017-07-21,hk00484,14.32,14.68,14.2,14.32,14.24
2017-07-20,hk00484,13.94,14.28,13.9,14.24,13.94
2017-07-19,hk00484,13.26,14.0,13.26,13.94,13.26
2017-07-18,hk00484,13.38,13.42,13.24,13.26,13.42
2017-07-17,hk00484,13.52,13.68,13.42,13.42,13.52
2017-07-14,hk00484,13.7,13.8,13.28,13.52,13.68
2017-07-13,hk00484,13.4,13.8,13.4,13.68,13.28
2017-07-12,hk00484,13.8,13.8,13.18,13.28,13.78
2017-07-11,hk00484,14.06,14.06,13.58,13.78,13.96
2017-07-10,hk00484,14.02,14.08,13.9,13.96,14.06
2017-07-07,hk00484,14.22,14.22,13.9,14.06,14.22
2017-07-06,hk00484,13.94,14.32,13.94,14.22,13.94
2017-07-05,hk00484,14.14,14.16,13.7,13.94,13.92
2017-07-04,hk00484,14.0,14.4,13.84,13.92,14.0
2017-07-03,hk00484,14.04,14.4,13.88,14.0,14.0
2017-06-30,hk00484,13.82,14.2,13.82,14.0,14.08
2017-06-29,hk00484,14.16,14.36,14.0,14.08,14.12
2017-06-28,hk00484,14.26,14.62,13.6,14.12,14.26
2017-06-27,hk00484,14.1,14.56,14.1,14.26,14.18
2017-06-26,hk00484,13.6,14.28,13.6,14.18,13.58
2017-06-23,hk00484,13.84,13.84,13.5,13.58,13.88
2017-06-22,hk00484,13.78,13.9,13.4,13.88,13.78
2017-06-21,hk00484,13.5,13.8,12.98,13.78,13.46
2017-06-20,hk00484,13.44,14.2,13.2,13.46,13.42
2017-06-19,hk00484,12.8,14.0,12.8,13.42,12.8
2017-06-16,hk00484,13.6,13.6,12.64,12.8,13.6
2017-06-15,hk00484,13.76,13.98,13.38,13.6,13.76
2017-06-14,hk00484,13.78,14.1,13.74,13.76,13.76
2017-06-13,hk00484,13.78,14.3,13.74,13.76,13.6
2017-06-12,hk00484,13.32,14.7,13.22,13.6,13.64
2017-06-09,hk00484,15.06,16.2,13.0,13.64,14.92
2017-06-08,hk00484,13.16,15.2,12.5,14.92,13.16
2017-06-07,hk00484,11.18,13.4,11.18,13.16,11.08
2017-06-06,hk00484,10.5,11.2,10.4,11.08,10.38
2017-06-05,hk00484,9.9,10.38,9.7,10.38,9.9
2017-06-02,hk00484,9.6,9.95,9.6,9.9,9.6
2017-06-01,hk00484,9.45,9.65,9.45,9.6,9.53
2017-05-31,hk00484,9.42,9.65,9.41,9.53,9.41
2017-05-29,hk00484,9.42,9.5,9.36,9.41,9.5
2017-05-26,hk00484,9.5,9.68,9.35,9.5,9.4
2017-05-25,hk00484,9.2,9.4,9.02,9.4,9.08
2017-05-24,hk00484,8.93,9.18,8.93,9.08,8.92
2017-05-23,hk00484,8.9,9.05,8.87,8.92,9.0
2017-05-22,hk00484,9.05,9.2,8.91,9.0,9.0
2017-05-19,hk00484,8.95,9.1,8.9,9.0,8.94
2017-05-18,hk00484,9.08,9.68,8.91,8.94,9.19
2017-05-17,hk00484,9.54,9.54,9.06,9.19,9.54
2017-05-16,hk00484,9.13,9.56,9.02,9.54,8.9
2017-05-15,hk00484,8.61,9.2,8.61,8.9,8.61
2017-05-12,hk00484,9.15,9.28,8.54,8.61,9.3
2017-05-11,hk00484,9.2,9.3,9.13,9.3,9.1
2017-05-10,hk00484,9.17,9.28,8.98,9.1,9.3
2017-05-09,hk00484,9.19,9.5,9.17,9.3,9.1
2017-05-08,hk00484,9.99,9.99,9.1,9.1,9.89
2017-05-05,hk00484,10.14,10.14,9.8,9.89,10.12
2017-05-04,hk00484,10.22,10.22,9.95,10.12,10.22
2017-05-02,hk00484,9.91,10.6,9.81,10.22,9.93
2017-04-28,hk00484,10.04,10.2,9.9,9.93,10.06
2017-04-27,hk00484,10.14,10.38,9.92,10.06,10.04
2017-04-26,hk00484,10.36,10.4,9.99,10.04,10.04
2017-04-25,hk00484,10.02,10.46,9.93,10.04,10.06
2017-04-24,hk00484,10.3,10.7,9.95,10.06,10.32
2017-04-21,hk00484,10.24,11.08,10.2,10.32,10.08
2017-04-20,hk00484,8.8,11.28,8.8,10.08,8.78
2017-04-19,hk00484,7.68,8.78,7.68,8.78,7.84
2017-04-18,hk00484,7.62,7.95,7.58,7.84,7.71
2017-04-13,hk00484,7.54,7.71,7.54,7.71,7.68
2017-04-12,hk00484,7.4,7.7,7.4,7.68,7.4
2017-04-11,hk00484,7.21,7.4,7.21,7.4,7.25
2017-04-10,hk00484,7.29,7.51,7.25,7.25,7.26
2017-04-07,hk00484,7.28,7.48,7.18,7.26,7.32
2017-04-06,hk00484,7.5,7.5,7.1,7.32,7.5
2017-04-05,hk00484,7.54,7.65,7.4,7.5,7.54
2017-04-03,hk00484,7.6,7.61,7.5,7.54,7.6
2017-03-31,hk00484,7.62,7.62,7.48,7.6,7.64
2017-03-30,hk00484,7.71,7.8,7.5,7.64,7.74
2017-03-29,hk00484,7.7,7.83,7.66,7.74,7.85
2017-03-28,hk00484,7.99,7.99,7.85,7.85,7.8
2017-03-27,hk00484,8.0,8.0,7.71,7.8,8.09
2017-03-24,hk00484,7.88,8.17,7.8,8.09,7.98
2017-03-23,hk00484,8.01,8.1,7.96,7.98,8.12
2017-03-22,hk00484,8.07,8.14,7.95,8.12,8.28
2017-03-21,hk00484,8.45,8.55,8.22,8.28,8.4
2017-03-20,hk00484,8.08,8.44,7.99,8.4,7.91
2017-03-17,hk00484,7.95,7.99,7.85,7.91,8.0
2017-03-16,hk00484,8.0,8.12,7.95,8.0,8.1
2017-03-15,hk00484,7.81,8.19,7.81,8.1,7.84
2017-03-14,hk00484,8.18,8.18,7.82,7.84,8.17
2017-03-13,hk00484,8.27,8.27,8.09,8.17,8.2
2017-03-10,hk00484,8.15,8.24,7.99,8.2,8.22
2017-03-09,hk00484,8.32,8.35,8.2,8.22,8.33
2017-03-08,hk00484,8.33,8.4,8.33,8.33,8.38
2017-03-07,hk00484,8.53,8.54,8.36,8.38,8.54
2017-03-06,hk00484,8.65,8.7,8.53,8.54,8.65
2017-03-03,hk00484,8.7,8.79,8.57,8.65,8.62
2017-03-02,hk00484,8.71,8.8,8.62,8.62,8.63
2017-03-01,hk00484,8.77,8.77,8.63,8.63,8.78
2017-02-28,hk00484,9.13,9.13,8.73,8.78,9.07
2017-02-27,hk00484,9.05,9.2,9.05,9.07,9.05
2017-02-24,hk00484,9.05,9.2,9.05,9.05,9.1
2017-02-23,hk00484,9.17,9.2,9.0,9.1,9.17
2017-02-22,hk00484,8.85,9.24,8.85,9.17,8.8
2017-02-21,hk00484,8.6,8.85,8.6,8.8,8.56
2017-02-20,hk00484,8.55,8.62,8.55,8.56,8.53
2017-02-17,hk00484,8.4,8.53,8.3,8.53,8.4
2017-02-16,hk00484,8.38,8.46,8.3,8.4,8.52
2017-02-15,hk00484,8.41,8.56,8.41,8.52,8.39
2017-02-14,hk00484,8.31,8.7,8.3,8.39,8.3
2017-02-13,hk00484,8.3,8.3,8.28,8.3,8.28
2017-02-10,hk00484,8.2,8.32,8.2,8.28,8.3
2017-02-09,hk00484,8.25,8.34,8.22,8.3,8.26
2017-02-08,hk00484,8.19,8.28,8.11,8.26,8.18
2017-02-07,hk00484,8.2,8.32,8.16,8.18,8.29
2017-02-06,hk00484,8.48,8.48,8.28,8.29,8.48
2017-02-03,hk00484,8.48,8.48,8.48,8.48,8.48
2017-02-02,hk00484,0.0,0.0,0.0,8.48,8.5
2017-02-01,hk00484,8.33,8.51,8.33,8.5,8.35
2017-01-27,hk00484,8.25,8.36,8.25,8.35,8.4
2017-01-26,hk00484,8.28,8.53,8.28,8.4,8.4
2017-01-25,hk00484,8.35,8.4,8.31,8.4,8.47
2017-01-23,hk00484,8.39,8.51,8.3,8.4,8.44
2017-01-20,hk00484,8.1,8.49,8.1,8.44,8.09
2017-01-19,hk00484,7.75,8.18,7.75,8.09,7.79
2017-01-17,hk00484,7.41,7.63,7.41,7.63,7.51
2017-01-16,hk00484,7.53,7.53,7.45,7.51,7.53
2017-01-13,hk00484,7.44,7.61,7.44,7.53,7.64
2017-01-12,hk00484,7.6,7.7,7.58,7.64,7.62
2017-01-11,hk00484,7.5,7.85,7.5,7.62,7.7
2017-01-10,hk00484,7.41,7.86,7.41,7.7,7.61
2017-01-09,hk00484,7.64,7.72,7.61,7.61,7.81
2017-01-06,hk00484,8.22,8.25,7.76,7.81,8.25
2017-01-05,hk00484,8.18,8.48,8.16,8.25,8.23
2017-01-04,hk00484,8.17,8.3,8.15,8.23,8.45
2017-01-03,hk00484,8.4,8.6,8.3,8.45,8.51
2016-12-30,hk00484,7.8,8.58,7.8,8.51,8.0
2016-12-29,hk00484,7.31,8.3,7.31,8.0,7.31
2016-12-28,hk00484,7.31,7.34,7.29,7.31,7.42
2016-12-23,hk00484,7.23,7.6,7.22,7.42,7.38
2016-12-22,hk00484,7.25,7.48,7.25,7.38,7.42
2016-12-21,hk00484,7.41,7.42,7.35,7.42,7.37
2016-12-20,hk00484,7.42,7.42,7.16,7.37,7.53
2016-12-19,hk00484,7.52,7.58,7.5,7.53,7.5
2016-12-16,hk00484,7.22,7.5,7.22,7.5,7.4
2016-12-15,hk00484,7.46,7.46,7.26,7.4,7.46
2016-12-14,hk00484,7.4,7.5,7.38,7.46,7.35
2016-12-13,hk00484,7.08,7.35,7.07,7.35,7.3
2016-12-12,hk00484,7.07,7.32,7.07,7.3,7.42
2016-12-09,hk00484,7.49,7.49,7.31,7.42,7.43
2016-12-08,hk00484,7.7,7.7,7.3,7.43,7.76
2016-12-07,hk00484,7.7,7.8,7.65,7.76,7.58
2016-12-06,hk00484,7.99,7.99,7.5,7.58,7.95
2016-12-05,hk00484,8.25,8.26,7.84,7.95,8.31
2016-12-02,hk00484,8.6,8.6,8.16,8.31,8.66
2016-12-01,hk00484,8.91,8.91,8.61,8.66,8.85
2016-11-30,hk00484,8.3,8.9,8.28,8.85,8.35
2016-11-29,hk00484,7.9,8.4,7.83,8.35,7.74
2016-11-28,hk00484,7.72,7.83,7.59,7.74,7.62
2016-11-25,hk00484,7.61,7.72,7.51,7.62,7.68
2016-11-24,hk00484,7.67,7.72,7.52,7.68,7.67
2016-11-18,hk00484,7.4,7.7,7.36,7.53,7.33
2016-11-17,hk00484,7.1,7.34,7.05,7.33,7.22
2016-11-16,hk00484,7.08,7.38,7.08,7.22,7.08
2016-11-15,hk00484,7.44,7.44,6.7,7.08,7.44
2016-11-14,hk00484,7.54,7.56,7.4,7.44,7.52
2016-11-11,hk00484,7.65,7.65,7.5,7.52,7.75
2016-11-10,hk00484,7.48,7.75,7.48,7.75,7.38
2016-11-09,hk00484,7.45,7.45,7.25,7.38,7.45
2016-11-08,hk00484,7.29,7.48,7.29,7.45,7.33
2016-11-07,hk00484,7.31,7.39,7.3,7.33,7.42
2016-11-04,hk00484,7.36,7.42,7.27,7.42,7.36
2016-11-03,hk00484,7.31,7.41,7.31,7.36,7.29
2016-11-02,hk00484,7.41,7.41,7.19,7.29,7.41
2016-11-01,hk00484,7.31,7.44,7.21,7.41,7.3
2016-10-31,hk00484,7.73,7.73,7.3,7.3,7.7
2016-10-28,hk00484,7.9,7.9,7.59,7.7,8.04
2016-10-27,hk00484,8.26,8.26,8.0,8.04,8.26
2016-10-26,hk00484,8.22,8.29,8.17,8.26,8.22
2016-10-25,hk00484,8.23,8.34,8.2,8.22,8.23
2016-10-24,hk00484,8.38,8.38,8.2,8.23,8.44
2016-10-20,hk00484,8.36,8.5,8.34,8.44,8.36
2016-10-19,hk00484,8.52,8.52,8.35,8.36,8.52
2016-10-18,hk00484,8.68,8.68,8.5,8.52,8.6
2016-10-17,hk00484,8.84,8.85,8.58,8.6,8.9
2016-10-14,hk00484,8.91,9.0,8.85,8.9,8.93
2016-10-12,hk00484,9.1,9.1,8.87,8.94,9.2
2016-10-11,hk00484,9.34,9.5,9.18,9.2,9.3
2016-10-07,hk00484,8.9,9.37,8.88,9.3,8.92
2016-10-06,hk00484,8.86,8.94,8.86,8.92,8.87
2016-10-05,hk00484,8.85,8.9,8.84,8.87,8.85
2016-10-04,hk00484,8.92,8.92,8.84,8.85,8.88
2016-10-03,hk00484,8.9,8.9,8.8,8.88,8.81
2016-09-30,hk00484,8.82,8.9,8.8,8.81,8.9
2016-09-29,hk00484,8.91,8.97,8.88,8.9,8.9
2016-09-28,hk00484,9.01,9.01,8.8,8.9,9.08
2016-09-27,hk00484,9.14,9.25,8.99,9.08,9.14
2016-09-26,hk00484,9.2,9.24,9.05,9.14,9.28
2016-09-23,hk00484,9.48,9.48,9.23,9.28,9.4
2016-09-22,hk00484,9.49,9.5,9.33,9.4,9.3
2016-09-21,hk00484,9.17,9.4,9.11,9.3,9.19
2016-09-20,hk00484,9.49,9.49,9.16,9.19,9.37
2016-09-19,hk00484,9.53,9.53,9.33,9.37,9.53
2016-09-15,hk00484,9.2,9.7,9.17,9.53,9.1
2016-09-14,hk00484,9.16,9.17,9.05,9.1,9.15
2016-09-13,hk00484,9.42,9.44,9.1,9.15,9.41
2016-09-12,hk00484,9.55,9.55,9.29,9.41,9.7
2016-09-09,hk00484,9.65,9.76,9.46,9.7,9.43
2016-09-08,hk00484,9.7,9.7,9.41,9.43,9.53
2016-09-07,hk00484,9.65,9.65,9.46,9.53,9.6
2016-09-06,hk00484,9.52,9.69,9.37,9.6,9.59
2016-09-05,hk00484,9.65,9.76,9.39,9.59,9.6
2016-09-02,hk00484,9.5,9.6,9.45,9.6,9.48
2016-09-01,hk00484,9.38,9.6,9.38,9.48,9.39
2016-08-31,hk00484,9.28,9.48,9.28,9.39,9.45
2016-08-30,hk00484,9.4,9.82,9.25,9.45,9.5
2016-08-29,hk00484,9.58,9.58,9.42,9.5,9.48
2016-08-26,hk00484,9.58,9.59,9.38,9.48,9.58
2016-08-25,hk00484,9.6,9.66,9.5,9.58,9.65
2016-08-24,hk00484,9.7,9.73,9.5,9.65,9.9
2016-08-23,hk00484,9.8,9.9,9.76,9.9,9.81
2016-08-22,hk00484,9.85,9.86,9.69,9.81,9.89
2016-08-19,hk00484,9.9,9.91,9.8,9.89,9.9
2016-08-18,hk00484,10.0,10.12,9.89,9.9,9.89
2016-08-17,hk00484,10.04,10.08,9.86,9.89,10.08
2016-08-16,hk00484,10.08,10.28,10.02,10.08,10.1
2016-08-15,hk00484,10.24,10.26,10.06,10.1,10.06
2016-08-12,hk00484,10.1,10.18,10.0,10.06,10.04
2016-08-11,hk00484,10.0,10.28,10.0,10.04,10.1
2016-08-10,hk00484,10.2,10.4,10.1,10.1,10.16
2016-08-09,hk00484,10.26,10.3,10.14,10.16,10.32
2016-08-08,hk00484,10.5,10.5,10.24,10.32,10.32
2016-08-05,hk00484,10.28,10.42,10.18,10.32,10.34
2016-08-04,hk00484,10.34,10.34,10.26,10.34,10.4
2016-08-03,hk00484,10.44,10.44,10.4,10.4,10.52
2016-08-01,hk00484,10.32,10.6,10.32,10.52,10.5
2016-07-29,hk00484,10.64,10.88,10.38,10.5,11.0
2016-07-28,hk00484,10.46,11.0,10.2,11.0,10.48
2016-07-27,hk00484,9.83,10.56,9.83,10.48,10.08
2016-07-26,hk00484,10.2,10.2,9.8,10.08,10.08
2016-07-25,hk00484,9.81,10.2,9.8,10.08,9.94
2016-07-22,hk00484,9.95,9.95,9.84,9.94,9.98
2016-07-21,hk00484,10.1,10.18,9.96,9.98,10.2
2016-07-20,hk00484,10.2,10.22,10.0,10.2,10.2
2016-07-19,hk00484,10.08,10.2,10.04,10.2,10.2
2016-07-18,hk00484,10.4,10.6,10.2,10.2,10.5
2016-07-15,hk00484,10.96,10.96,10.4,10.5,10.82
2016-07-14,hk00484,10.14,10.84,10.14,10.82,10.2
2016-07-13,hk00484,9.49,10.24,9.34,10.2,9.26
2016-07-12,hk00484,9.47,9.55,9.21,9.26,9.47
2016-07-11,hk00484,9.57,9.57,9.3,9.47,9.46
2016-07-08,hk00484,9.45,9.46,9.28,9.46,9.52
2016-07-07,hk00484,9.78,9.78,9.4,9.52,9.73
2016-07-06,hk00484,9.93,9.93,9.7,9.73,9.96
2016-07-05,hk00484,9.94,10.04,9.92,9.96,10.0
2016-07-04,hk00484,10.0,10.04,9.96,10.0,10.1
2016-06-30,hk00484,10.1,10.24,10.0,10.1,9.97
2016-06-29,hk00484,10.1,10.1,9.96,9.97,10.06
2016-06-28,hk00484,10.0,10.06,9.95,10.06,10.14
2016-06-27,hk00484,10.28,10.28,10.02,10.14,10.44
2016-06-24,hk00484,10.22,10.92,10.02,10.44,10.44
2016-06-23,hk00484,10.38,10.52,10.38,10.44,10.5
2016-06-22,hk00484,10.24,10.54,10.1,10.5,10.26
2016-06-21,hk00484,10.38,10.4,10.2,10.26,10.46
2016-06-20,hk00484,10.3,10.5,10.3,10.46,10.5
2016-06-17,hk00484,10.58,10.58,10.5,10.5,10.4
2016-06-16,hk00484,10.5,10.5,10.34,10.4,10.38
2016-06-15,hk00484,10.52,10.78,10.36,10.38,10.52
2016-06-14,hk00484,10.44,10.56,10.34,10.52,10.5
2016-06-13,hk00484,10.62,10.62,10.32,10.5,10.76
2016-06-10,hk00484,10.7,10.86,10.7,10.76,10.7
2016-06-08,hk00484,10.74,10.74,10.7,10.7,10.8
2016-06-07,hk00484,10.82,10.82,10.6,10.8,10.64
2016-06-06,hk00484,10.76,10.76,10.56,10.64,10.82
2016-06-03,hk00484,10.86,11.0,10.7,10.82,10.72
2016-06-02,hk00484,10.7,10.72,10.52,10.72,10.74
2016-06-01,hk00484,11.08,11.08,10.64,10.74,11.1
2016-05-31,hk00484,10.66,11.22,10.28,11.1,10.76
2016-05-30,hk00484,10.78,10.78,10.3,10.76,10.76
2016-05-27,hk00484,10.42,10.78,10.26,10.76,10.56
2016-05-26,hk00484,10.72,11.04,10.52,10.56,10.72
2016-05-25,hk00484,10.82,10.86,10.52,10.72,10.94
2016-05-24,hk00484,11.1,11.26,10.86,10.94,11.28
2016-05-23,hk00484,10.82,11.5,10.82,11.28,11.0
2016-05-20,hk00484,10.78,11.28,10.76,11.0,10.76
2016-05-19,hk00484,10.98,11.06,10.72,10.76,10.98
2016-05-18,hk00484,11.12,11.18,10.88,10.98,11.36
2016-05-16,hk00484,11.4,11.48,10.84,11.4,11.6
2016-05-13,hk00484,10.88,11.6,9.99,11.6,11.0
2016-05-12,hk00484,11.0,11.2,10.8,11.0,11.22
2016-05-11,hk00484,11.86,11.86,11.12,11.22,11.92
2016-05-10,hk00484,11.4,12.0,11.3,11.92,11.42
2016-05-09,hk00484,11.68,11.68,11.22,11.42,11.82
2016-05-06,hk00484,11.8,11.94,11.76,11.82,12.02
2016-05-05,hk00484,11.86,12.12,11.86,12.02,12.1
2016-05-04,hk00484,11.9,12.1,11.9,12.1,12.2
2016-05-03,hk00484,11.82,12.3,11.82,12.2,12.02
2016-04-29,hk00484,12.2,12.38,11.7,12.02,12.4
2016-04-28,hk00484,12.3,12.4,12.04,12.4,12.2
2016-04-27,hk00484,12.68,12.76,12.2,12.2,12.78
2016-04-26,hk00484,12.72,12.8,12.14,12.78,12.8
2016-04-25,hk00484,12.6,12.9,12.58,12.8,12.58
2016-04-22,hk00484,11.82,12.6,11.6,12.58,12.28
2016-04-21,hk00484,11.98,12.34,11.96,12.28,11.94
2016-04-20,hk00484,11.8,12.02,11.28,11.94,12.16
2016-04-19,hk00484,12.16,12.16,11.9,12.16,11.8
2016-04-18,hk00484,11.8,11.88,11.72,11.8,11.8
2016-04-15,hk00484,11.6,12.1,11.38,11.8,11.56
2016-04-14,hk00484,11.42,11.56,11.16,11.56,11.22
2016-04-13,hk00484,11.18,11.3,11.02,11.22,11.14
2016-04-12,hk00484,11.04,11.26,11.0,11.14,11.06
2016-04-11,hk00484,11.06,11.12,10.9,11.06,11.14
2016-04-08,hk00484,10.88,11.2,10.88,11.14,11.06
2016-04-07,hk00484,10.88,11.2,10.88,11.06,11.0
2016-04-06,hk00484,11.02,11.1,10.6,11.0,11.04
2016-04-05,hk00484,11.18,11.28,11.04,11.04,11.36
2016-04-01,hk00484,11.54,11.54,11.1,11.36,11.44
2016-03-31,hk00484,11.26,11.6,11.08,11.44,11.3
2016-03-30,hk00484,11.2,11.42,11.02,11.3,11.04
2016-03-29,hk00484,10.88,11.2,10.84,11.04,10.88
2016-03-24,hk00484,11.38,11.38,10.88,10.88,11.54
2016-03-23,hk00484,11.54,11.54,11.3,11.54,11.54
2016-03-22,hk00484,11.42,11.64,11.3,11.54,11.38
2016-03-21,hk00484,11.2,11.48,11.18,11.38,11.2
2016-03-18,hk00484,11.26,11.5,11.08,11.2,11.3
2016-03-17,hk00484,11.4,11.42,11.26,11.3,11.32
2016-03-16,hk00484,11.34,11.42,11.26,11.32,11.34
2016-03-15,hk00484,11.4,11.42,11.18,11.34,11.4
2016-03-14,hk00484,11.1,11.44,11.08,11.4,11.0
2016-03-11,hk00484,11.0,11.02,10.9,11.0,11.0
2016-03-10,hk00484,10.92,11.0,10.88,11.0,10.96
2016-03-09,hk00484,10.98,11.06,10.9,10.96,10.96
2016-03-08,hk00484,10.92,10.98,10.84,10.96,11.02
2016-03-07,hk00484,11.0,11.1,10.94,11.02,11.0
2016-03-04,hk00484,11.26,11.36,11.0,11.0,11.14
2016-03-03,hk00484,11.22,11.36,11.1,11.14,11.22
2016-03-02,hk00484,11.0,11.4,11.0,11.22,10.92
2016-03-01,hk00484,10.92,11.0,10.88,10.92,10.92
2016-02-29,hk00484,11.24,11.24,10.82,10.92,11.3
2016-02-26,hk00484,11.22,11.3,10.8,11.3,11.22
2016-02-25,hk00484,11.26,11.28,11.24,11.22,11.36
2016-02-24,hk00484,11.5,11.5,11.34,11.36,11.52
2016-02-23,hk00484,11.52,11.52,11.46,11.52,11.52
2016-02-22,hk00484,11.6,11.62,11.38,11.52,11.68
2016-02-19,hk00484,11.58,11.7,11.58,11.68,11.7
2016-02-18,hk00484,11.66,11.82,11.66,11.7,11.5
2016-02-16,hk00484,11.62,12.0,11.36,11.5,11.08
2016-02-12,hk00484,11.02,11.32,10.9,11.08,11.28
2016-02-11,hk00484,11.46,11.46,11.26,11.28,11.92
2016-02-05,hk00484,11.76,12.36,11.64,11.92,11.88
2016-02-04,hk00484,11.96,12.16,11.62,11.88,11.98
2016-02-03,hk00484,11.94,12.02,11.88,11.98,11.94
2016-02-02,hk00484,12.2,12.36,11.9,11.94,12.38
2016-02-01,hk00484,12.24,12.58,12.22,12.38,12.24
2016-01-29,hk00484,12.12,12.42,12.0,12.24,12.0
2016-01-28,hk00484,11.8,12.3,11.8,12.0,11.94
2016-01-27,hk00484,11.94,12.0,11.76,11.94,11.82
2016-01-26,hk00484,12.08,12.36,11.8,11.82,12.62
2016-01-25,hk00484,12.96,12.96,12.58,12.62,12.7
2016-01-22,hk00484,13.14,13.2,12.48,12.7,13.0
2016-01-21,hk00484,12.9,13.02,12.78,13.0,12.8
2016-01-20,hk00484,13.28,13.28,12.78,12.8,13.14
2016-01-19,hk00484,12.9,13.18,12.9,13.14,12.96
2016-01-18,hk00484,12.7,13.0,12.7,12.96,12.82
2016-01-15,hk00484,13.02,13.32,12.82,12.82,13.0
2016-01-14,hk00484,11.72,13.12,11.08,13.0,12.0
2016-01-13,hk00484,12.36,12.38,11.9,12.0,12.22
2016-01-12,hk00484,12.66,12.7,12.22,12.22,12.64
2016-01-11,hk00484,12.96,12.96,12.14,12.64,13.0
2016-01-08,hk00484,13.14,13.14,13.0,13.0,13.0
2016-01-07,hk00484,13.02,13.02,12.78,13.0,13.02
2016-01-06,hk00484,13.02,13.06,13.0,13.02,13.04
2016-01-05,hk00484,13.0,13.1,12.98,13.04,13.0
2016-01-04,hk00484,13.04,13.18,12.98,13.0,13.04
2015-12-31,hk00484,13.06,13.1,13.02,13.04,13.04
2015-12-30,hk00484,13.14,13.2,13.04,13.04,13.16
2015-12-29,hk00484,13.26,13.3,13.14,13.16,13.24
2015-12-28,hk00484,13.2,13.3,13.1,13.24,13.2
2015-12-24,hk00484,13.2,13.38,13.16,13.2,13.2
2015-12-23,hk00484,13.06,13.2,13.06,13.2,13.14
2015-12-22,hk00484,13.06,13.28,13.06,13.14,13.32
2015-12-21,hk00484,13.34,13.78,13.0,13.32,13.56
2015-12-18,hk00484,13.16,13.56,13.0,13.56,13.16
2015-12-17,hk00484,13.0,13.32,12.98,13.16,13.02
2015-12-16,hk00484,13.14,13.38,13.0,13.02,13.0
2015-12-15,hk00484,13.0,13.24,13.0,13.0,13.04
2015-12-14,hk00484,12.72,13.04,12.6,13.04,13.1
2015-12-11,hk00484,12.96,13.16,12.46,13.1,13.08
2015-12-10,hk00484,13.08,13.24,12.96,13.08,13.1
2015-12-09,hk00484,13.56,13.58,13.02,13.1,13.6
2015-12-08,hk00484,14.28,14.28,13.6,13.6,14.28
2015-12-07,hk00484,14.18,14.38,14.18,14.28,14.18
2015-12-04,hk00484,14.1,14.18,14.08,14.18,14.18
2015-12-03,hk00484,14.12,14.28,13.98,14.18,14.1
2015-12-02,hk00484,14.02,14.18,13.56,14.1,13.98
2015-12-01,hk00484,13.48,14.4,13.3,13.98,13.28
2015-11-30,hk00484,13.12,13.3,13.0,13.28,13.0
2015-11-27,hk00484,13.5,13.5,12.9,13.0,13.54
2015-11-26,hk00484,13.76,13.76,13.54,13.54,13.6
2015-11-25,hk00484,13.66,13.76,13.6,13.6,13.84
2015-11-24,hk00484,13.94,14.0,13.54,13.84,13.88
2015-11-23,hk00484,13.68,14.14,13.66,13.88,13.76
2015-11-20,hk00484,13.18,14.0,13.18,13.76,13.26
2015-11-19,hk00484,13.24,13.5,13.14,13.26,13.14
2015-11-18,hk00484,13.04,13.38,13.04,13.14,13.1
2015-11-17,hk00484,13.5,13.5,13.1,13.1,13.16
2015-11-16,hk00484,13.22,13.28,13.02,13.16,13.42
2015-11-13,hk00484,13.58,13.9,13.06,13.42,13.82
2015-11-12,hk00484,13.68,14.0,13.68,13.82,13.7
2015-11-11,hk00484,13.82,13.82,13.64,13.7,13.84
2015-11-10,hk00484,13.86,14.0,13.84,13.84,13.86
2015-11-09,hk00484,13.84,14.18,13.82,13.86,14.0
2015-11-06,hk00484,14.02,14.28,13.7,14.0,14.26
2015-11-05,hk00484,14.1,14.28,13.98,14.26,14.08
2015-11-04,hk00484,13.92,14.48,13.88,14.08,13.92
2015-11-03,hk00484,13.68,13.94,13.52,13.92,13.6
2015-11-02,hk00484,13.84,13.84,13.5,13.6,14.02
2015-10-30,hk00484,14.02,14.14,13.7,14.02,14.1
2015-10-29,hk00484,13.9,14.26,13.9,14.1,13.84
2015-10-28,hk00484,13.2,14.1,13.12,13.84,13.3
2015-10-27,hk00484,13.44,13.44,13.2,13.3,13.48
2015-10-26,hk00484,13.64,13.86,13.4,13.48,13.64
2015-10-23,hk00484,13.94,13.94,13.64,13.64,13.54
2015-10-22,hk00484,14.06,14.08,13.5,13.54,14.02
2015-10-20,hk00484,14.3,14.3,13.66,14.02,14.34
2015-10-19,hk00484,14.52,14.7,14.24,14.34,14.66
2015-10-16,hk00484,14.46,14.88,14.46,14.66,14.7
2015-10-15,hk00484,14.44,14.86,14.42,14.7,14.42
2015-10-14,hk00484,14.72,14.74,14.42,14.42,14.72
2015-10-13,hk00484,14.56,14.72,14.34,14.72,14.56
2015-10-12,hk00484,14.6,14.66,14.34,14.56,14.38
2015-10-09,hk00484,14.68,14.7,14.18,14.38,14.6
2015-10-08,hk00484,14.46,14.6,14.32,14.6,14.52
2015-10-07,hk00484,14.32,14.64,14.28,14.52,14.48
2015-10-06,hk00484,14.46,14.7,14.28,14.48,14.4
2015-10-05,hk00484,14.5,14.72,14.34,14.4,14.38
2015-10-02,hk00484,14.42,14.5,14.24,14.38,14.2
2015-09-30,hk00484,14.26,14.3,14.0,14.2,13.82
2015-09-29,hk00484,13.3,14.38,13.3,13.82,13.78
2015-09-25,hk00484,14.48,14.48,13.3,13.78,13.64
2015-09-24,hk00484,13.6,13.76,13.48,13.64,13.64
2015-09-23,hk00484,13.98,13.98,13.24,13.64,13.84
2015-09-22,hk00484,15.04,15.04,13.84,13.84,14.5
2015-09-21,hk00484,14.34,14.6,14.3,14.5,14.74
2015-09-18,hk00484,14.5,15.1,14.34,14.74,14.3
2015-09-17,hk00484,13.9,14.34,13.86,14.3,13.68
2015-09-16,hk00484,13.6,13.9,13.48,13.68,13.6
2015-09-15,hk00484,13.48,13.68,13.04,13.6,13.3
2015-09-14,hk00484,14.02,14.02,13.22,13.3,14.3
2015-09-11,hk00484,14.22,14.5,14.12,14.3,14.3
2015-09-10,hk00484,14.04,14.3,13.7,14.3,13.96
2015-09-09,hk00484,14.0,14.04,13.74,13.96,13.8
2015-09-08,hk00484,13.36,14.0,13.36,13.8,13.36
2015-09-07,hk00484,13.0,13.36,13.0,13.36,13.02
2015-09-04,hk00484,12.82,13.06,12.32,13.02,13.08
2015-09-02,hk00484,12.9,13.1,12.7,13.08,12.98
2015-09-01,hk00484,13.2,13.2,12.68,12.98,13.16
2015-08-31,hk00484,12.92,13.46,12.74,13.16,13.2
2015-08-28,hk00484,12.54,13.3,12.5,13.2,12.42
2015-08-27,hk00484,11.12,12.52,11.12,12.42,11.1
2015-08-26,hk00484,11.0,11.36,10.72,11.1,10.7
2015-08-25,hk00484,11.0,12.2,10.5,10.7,11.62
2015-08-24,hk00484,12.18,12.18,11.2,11.62,12.56
2015-08-21,hk00484,12.0,12.76,12.0,12.56,12.98
2015-08-20,hk00484,13.0,13.18,12.7,12.98,13.36
2015-08-19,hk00484,13.9,13.9,13.1,13.36,13.88
2015-08-18,hk00484,14.12,14.44,13.86,13.88,14.14
2015-08-17,hk00484,14.02,14.16,13.84,14.14,14.02
2015-08-14,hk00484,14.34,14.38,13.82,14.02,14.36
2015-08-13,hk00484,14.7,14.7,14.22,14.36,14.5
2015-08-12,hk00484,14.5,14.78,14.2,14.5,14.56
2015-08-11,hk00484,15.12,15.36,14.5,14.56,15.0
2015-08-10,hk00484,14.38,15.28,14.28,15.0,14.38
2015-08-07,hk00484,14.7,14.82,14.36,14.38,14.5
2015-08-06,hk00484,14.6,14.8,14.2,14.5,14.58
2015-08-05,hk00484,15.04,15.28,14.3,14.58,14.92
2015-08-04,hk00484,14.4,15.28,14.22,14.92,14.56
2015-08-03,hk00484,15.0,15.3,14.48,14.56,15.18
2015-07-31,hk00484,15.24,15.38,15.14,15.18,15.12
2015-07-30,hk00484,15.44,15.68,15.0,15.12,15.4
2015-07-29,hk00484,15.62,15.9,15.24,15.4,15.5
2015-07-28,hk00484,15.0,16.0,15.0,15.5,14.98
2015-07-27,hk00484,16.8,16.8,14.78,14.98,17.5
2015-07-24,hk00484,16.98,17.5,15.66,17.5,17.38
2015-07-23,hk00484,17.28,17.48,17.1,17.38,17.22
2015-07-22,hk00484,16.8,17.52,16.78,17.22,17.5
2015-07-21,hk00484,17.5,17.6,17.26,17.5,17.58
2015-07-20,hk00484,18.0,18.0,17.22,17.58,17.4
2015-07-17,hk00484,17.3,17.72,15.66,17.4,17.38
2015-07-16,hk00484,16.7,17.56,16.32,17.38,16.92
2015-07-15,hk00484,17.0,17.86,16.54,16.92,17.4
2015-07-14,hk00484,17.0,18.04,16.7,17.4,16.92
2015-07-13,hk00484,16.2,17.5,15.9,16.92,16.0
2015-07-10,hk00484,16.02,19.0,15.6,16.0,16.02
2015-07-09,hk00484,13.1,16.6,13.1,16.02,13.1
2015-07-08,hk00484,12.18,13.38,10.24,13.1,12.34
2015-07-07,hk00484,15.52,16.04,12.08,12.34,15.5
2015-07-06,hk00484,18.84,19.9,14.56,15.5,19.3
2015-07-03,hk00484,20.15,20.9,18.16,19.3,20.9
2015-07-02,hk00484,22.0,22.6,20.2,20.9,22.25
2015-06-30,hk00484,21.9,22.95,20.5,22.25,22.0
2015-06-29,hk00484,23.4,23.95,19.9,22.0,23.75
2015-06-26,hk00484,24.55,25.25,23.0,23.75,24.85
2015-06-25,hk00484,23.6,25.0,23.3,24.85,23.6
2015-06-24,hk00484,23.3,23.9,23.0,23.6,23.5
2015-06-23,hk00484,23.7,23.75,23.2,23.5,23.3
2015-06-22,hk00484,23.55,23.6,23.1,23.3,23.7
2015-06-19,hk00484,23.0,23.8,23.0,23.7,23.0
2015-06-18,hk00484,23.0,24.0,22.0,23.0,23.1
2015-06-17,hk00484,23.2,24.2,23.0,23.1,23.3
2015-06-16,hk00484,24.0,24.2,23.3,23.3,24.5
2015-06-15,hk00484,23.9,25.55,23.6,24.5,23.9
2015-06-12,hk00484,24.4,24.45,23.8,23.9,24.2
2015-06-11,hk00484,23.05,24.3,23.0,24.2,23.05
2015-06-10,hk00484,22.2,24.0,21.9,23.05,23.05
2015-06-09,hk00484,23.3,23.85,21.8,23.05,23.85
2015-06-08,hk00484,25.0,25.6,23.2,23.85,25.0
2015-06-05,hk00484,26.0,26.0,24.7,25.0,24.75
2015-06-04,hk00484,24.8,25.8,23.9,24.75,24.8
2015-06-03,hk00484,25.7,26.45,23.9,24.8,25.7
2015-06-02,hk00484,27.0,27.35,25.05,25.7,26.8
2015-06-01,hk00484,25.3,29.0,24.25,26.8,24.5
2015-05-29,hk00484,24.2,25.8,24.0,24.5,24.9
2015-05-28,hk00484,26.05,26.45,23.6,24.9,26.4
2015-05-27,hk00484,22.6,26.5,22.15,26.4,22.8
2015-05-26,hk00484,18.8,23.0,18.48,22.8,19.0
2015-05-22,hk00484,18.8,19.2,18.3,19.0,18.6
2015-05-21,hk00484,19.44,19.46,18.48,18.6,19.44
2015-05-20,hk00484,19.36,19.6,19.1,19.44,19.36
2015-05-19,hk00484,19.0,19.72,18.88,19.36,19.0
2015-05-18,hk00484,18.7,19.8,18.5,19.0,18.7
2015-05-15,hk00484,19.5,19.94,18.1,18.7,19.64
2015-05-14,hk00484,17.3,19.72,17.12,19.64,17.16
2015-05-13,hk00484,17.0,17.32,16.8,17.16,16.9
2015-05-12,hk00484,17.8,18.16,16.8,16.9,17.8
2015-05-11,hk00484,16.7,18.36,16.68,17.8,16.6
2015-05-08,hk00484,16.6,17.1,16.6,16.6,16.62
2015-05-07,hk00484,16.92,16.92,16.2,16.62,16.6
2015-05-06,hk00484,17.16,17.18,16.54,16.6,17.18
2015-05-05,hk00484,17.28,17.48,17.12,17.18,17.22
2015-05-04,hk00484,17.04,17.3,17.02,17.22,17.02
2015-04-30,hk00484,17.3,17.36,16.74,17.02,17.3
2015-04-29,hk00484,17.42,17.42,16.66,17.3,17.0
2015-04-28,hk00484,17.32,17.4,16.379,17.0,17.42
2015-04-27,hk00484,17.4,17.94,17.12,17.42,17.4
2015-04-24,hk00484,17.96,18.0,17.18,17.4,17.7
2015-04-23,hk00484,18.3,18.36,17.7,17.7,18.0
2015-04-22,hk00484,18.0,18.5,17.42,18.0,18.08
2015-04-21,hk00484,17.98,19.32,17.58,18.08,17.58
2015-04-20,hk00484,18.38,18.42,17.3,17.58,18.42
2015-04-17,hk00484,19.62,19.9,18.38,18.42,19.86
2015-04-16,hk00484,19.6,20.35,19.42,19.86,19.58
2015-04-15,hk00484,20.0,20.1,19.44,19.58,20.0
2015-04-14,hk00484,20.05,21.0,19.62,20.0,20.0
2015-04-13,hk00484,19.8,20.3,19.48,20.0,19.48
2015-04-10,hk00484,18.8,19.5,18.48,19.48,18.64
2015-04-09,hk00484,19.8,20.5,17.8,18.64,19.38
2015-04-08,hk00484,18.72,20.0,18.7,19.38,17.82
2015-04-02,hk00484,17.06,18.1,17.02,17.82,16.86
2015-04-01,hk00484,14.98,17.0,14.9,16.86,14.84
2015-03-31,hk00484,15.1,15.24,14.8,14.84,15.12
2015-03-30,hk00484,14.86,15.66,14.86,15.12,14.86
2015-03-27,hk00484,15.0,15.0,14.66,14.86,15.4
2015-03-26,hk00484,14.8,15.6,14.8,15.4,14.8
2015-03-25,hk00484,15.6,15.76,14.72,14.8,15.5
2015-03-24,hk00484,14.28,15.54,14.2,15.5,14.12
2015-03-23,hk00484,14.04,14.26,14.04,14.12,14.04
2015-03-20,hk00484,13.9,14.1,13.72,14.04,13.82
2015-03-19,hk00484,13.8,13.98,13.6,13.82,13.82
2015-03-18,hk00484,13.94,14.2,13.74,13.82,13.94
2015-03-17,hk00484,13.66,14.0,13.66,13.94,13.64
2015-03-16,hk00484,13.7,13.7,13.52,13.64,13.62
2015-03-13,hk00484,13.72,13.72,13.5,13.62,13.66
2015-03-12,hk00484,13.7,13.74,13.5,13.66,13.52
2015-03-11,hk00484,13.68,13.82,13.5,13.52,13.84
2015-03-10,hk00484,13.82,14.28,13.7,13.84,13.82
2015-03-09,hk00484,13.98,14.2,13.7,13.82,14.02
2015-03-06,hk00484,13.1,14.2,13.08,14.02,13.14
2015-03-05,hk00484,13.3,13.32,13.0,13.14,13.2
2015-03-04,hk00484,13.32,13.38,13.16,13.2,13.3
2015-03-03,hk00484,13.24,13.46,13.14,13.3,13.38
2015-03-02,hk00484,13.32,13.6,13.18,13.38,13.4
2015-02-27,hk00484,13.3,13.5,13.3,13.4,13.38
2015-02-26,hk00484,13.22,13.58,13.22,13.38,13.3
2015-02-25,hk00484,13.2,13.38,13.2,13.3,13.44
2015-02-24,hk00484,13.46,13.48,13.3,13.44,13.44
2015-02-23,hk00484,13.6,13.7,13.28,13.44,13.7
2015-02-18,hk00484,13.54,13.74,13.54,13.7,13.64
2015-02-17,hk00484,13.52,13.88,13.52,13.64,13.66
2015-02-16,hk00484,13.9,13.9,13.5,13.66,13.5
2015-02-13,hk00484,13.3,13.6,13.24,13.5,13.28
2015-02-12,hk00484,13.18,13.46,13.18,13.28,13.22
2015-02-11,hk00484,13.2,13.36,13.16,13.22,13.36
2015-02-10,hk00484,13.4,13.46,13.34,13.36,13.56
2015-02-09,hk00484,13.32,13.64,13.32,13.56,13.52
2015-02-06,hk00484,13.44,13.52,13.42,13.52,13.56
2015-02-05,hk00484,13.6,13.66,13.46,13.56,13.58
2015-02-04,hk00484,13.52,13.6,13.5,13.58,13.62
2015-02-03,hk00484,13.52,13.7,13.5,13.62,13.48
2015-02-02,hk00484,13.66,13.66,13.44,13.48,13.66
2015-01-30,hk00484,13.46,13.7,13.4,13.66,13.52
2015-01-29,hk00484,13.5,13.68,13.42,13.52,13.56
2015-01-28,hk00484,13.58,13.78,13.44,13.56,13.74
2015-01-27,hk00484,14.2,14.22,13.6,13.74,14.18
2015-01-26,hk00484,13.4,14.34,13.4,14.18,13.54
2015-01-23,hk00484,13.8,13.8,13.46,13.54,13.66
2015-01-22,hk00484,13.84,13.84,13.5,13.66,13.68
2015-01-21,hk00484,13.36,13.92,13.36,13.68,13.58
2015-01-20,hk00484,13.16,13.6,13.16,13.58,13.16
2015-01-19,hk00484,13.32,13.58,12.94,13.16,13.44
2015-01-16,hk00484,13.5,13.86,13.34,13.44,13.56
2015-01-15,hk00484,13.9,13.98,13.48,13.56,13.74
2015-01-14,hk00484,13.98,14.06,13.7,13.74,13.98
2015-01-13,hk00484,13.7,14.18,13.7,13.98,13.8
2015-01-12,hk00484,13.96,14.1,13.7,13.8,13.98
2015-01-09,hk00484,14.48,14.6,13.94,13.98,14.18
2015-01-08,hk00484,14.84,14.88,14.0,14.18,14.68
2015-01-07,hk00484,14.58,14.82,14.52,14.68,14.72
2015-01-06,hk00484,15.0,15.5,14.66,14.72,15.5
2015-01-05,hk00484,14.36,16.58,14.36,15.5,14.44
2015-01-02,hk00484,14.32,14.7,14.24,14.44,14.7
2014-12-31,hk00484,14.36,14.72,14.22,14.7,14.1
2014-12-30,hk00484,14.72,14.72,14.04,14.1,14.58
2014-12-29,hk00484,14.56,14.9,14.32,14.58,14.8
2014-12-24,hk00484,15.1,15.1,14.7,14.8,14.84
2014-12-23,hk00484,14.8,15.08,14.8,14.84,14.8
2014-12-22,hk00484,15.0,15.36,14.46,14.8,15.0
2014-12-19,hk00484,15.72,15.72,14.92,15.0,15.46
2014-12-18,hk00484,15.38,15.74,15.2,15.46,15.34
2014-12-17,hk00484,16.5,16.5,15.32,15.34,16.4
2014-12-16,hk00484,17.1,17.1,16.2,16.4,17.1
2014-12-15,hk00484,15.2,17.3,14.74,17.1,15.36
2014-12-12,hk00484,14.54,15.62,14.54,15.36,14.5
2014-12-11,hk00484,13.5,14.5,13.5,14.5,13.88
2014-12-10,hk00484,13.5,13.9,13.5,13.88,13.96
2014-12-09,hk00484,13.58,14.0,13.5,13.96,13.76
2014-12-08,hk00484,14.0,14.04,13.6,13.76,13.98
2014-12-05,hk00484,13.84,14.1,13.58,13.98,13.86
2014-12-04,hk00484,14.0,14.02,13.76,13.86,14.0
2014-12-03,hk00484,14.18,14.18,13.62,14.0,14.3
2014-12-02,hk00484,14.38,14.6,14.2,14.3,14.72
2014-12-01,hk00484,15.2,15.2,14.68,14.72,15.08
2014-11-28,hk00484,15.16,15.22,15.0,15.08,15.24
2014-11-27,hk00484,15.44,15.6,15.18,15.24,15.4
2014-11-26,hk00484,15.5,15.5,15.14,15.4,15.22
2014-11-25,hk00484,15.4,15.44,15.1,15.22,15.5
2014-11-24,hk00484,15.7,15.78,15.38,15.5,15.72
2014-11-21,hk00484,15.7,15.86,15.68,15.72,15.68
2014-11-20,hk00484,15.82,15.9,15.22,15.68,16.0
2014-11-19,hk00484,16.0,16.14,15.74,16.0,16.0
2014-11-18,hk00484,16.1,16.4,16.0,16.0,16.4
2014-11-17,hk00484,16.4,16.48,16.239,16.4,16.66
2014-11-14,hk00484,16.3,16.68,16.1,16.66,16.14
2014-11-13,hk00484,16.28,16.54,15.32,16.14,16.54
2014-11-12,hk00484,16.9,16.96,16.5,16.54,17.0
2014-11-11,hk00484,16.72,17.1,16.5,17.0,16.86
2014-11-10,hk00484,17.0,17.46,16.42,16.86,17.02
2014-11-07,hk00484,17.8,17.8,16.74,17.02,17.66
2014-11-06,hk00484,17.1,17.68,17.0,17.66,17.1
2014-11-05,hk00484,15.78,17.4,15.6,17.1,15.78
2014-11-04,hk00484,14.6,15.92,14.2,15.78,14.6
2014-11-03,hk00484,14.44,14.76,14.2,14.6,14.52
2014-10-31,hk00484,14.2,14.78,14.14,14.52,14.2
2014-10-30,hk00484,14.3,14.56,14.1,14.2,14.3
2014-10-29,hk00484,14.42,14.62,14.12,14.3,14.42
2014-10-28,hk00484,14.1,14.42,14.0,14.42,14.22
2014-10-27,hk00484,14.7,14.7,14.2,14.22,14.8
2014-10-24,hk00484,14.64,14.96,14.4,14.8,14.64
2014-10-23,hk00484,14.18,14.78,14.18,14.64,14.12
2014-10-22,hk00484,13.3,14.18,13.3,14.12,13.3
2014-10-21,hk00484,13.54,13.54,12.98,13.3,13.46
2014-10-20,hk00484,13.4,13.66,13.4,13.46,13.7
2014-10-17,hk00484,14.0,14.18,13.54,13.7,13.8
2014-10-16,hk00484,14.06,14.1,13.68,13.8,14.18
2014-10-15,hk00484,14.14,14.32,14.1,14.18,14.18
2014-10-14,hk00484,14.2,14.3,14.1,14.18,14.16
2014-10-13,hk00484,14.14,14.28,14.12,14.16,14.4
2014-10-10,hk00484,14.54,14.54,14.28,14.4,14.74
2014-10-09,hk00484,14.72,14.96,14.64,14.74,14.72
2014-10-08,hk00484,14.7,14.94,14.48,14.72,14.72
2014-10-07,hk00484,14.86,15.0,14.5,14.72,14.82
2014-10-06,hk00484,14.36,15.2,14.36,14.82,14.34
2014-10-03,hk00484,14.7,14.7,14.0,14.34,14.84
2014-09-30,hk00484,15.02,15.26,14.68,14.84,15.08
2014-09-29,hk00484,15.7,15.8,15.02,15.08,15.86
2014-09-26,hk00484,16.86,16.86,15.8,15.86,16.4
2014-09-25,hk00484,16.7,17.0,16.3,16.4,16.7
2014-09-24,hk00484,16.78,16.82,16.62,16.7,16.8
2014-09-23,hk00484,16.7,16.8,16.3,16.8,16.74
2014-09-22,hk00484,17.14,17.14,16.5,16.74,17.12
2014-09-19,hk00484,15.68,17.8,15.68,17.12,15.9
2014-09-18,hk00484,16.079,16.2,15.8,15.9,16.079
2014-09-17,hk00484,16.36,16.6,16.04,16.079,16.36
2014-09-16,hk00484,16.64,16.64,16.36,16.36,16.64
2014-09-15,hk00484,16.5,16.8,16.5,16.64,16.66
2014-09-12,hk00484,16.76,16.86,16.58,16.66,16.86
2014-09-11,hk00484,17.0,17.18,16.78,16.86,17.02
2014-09-10,hk00484,16.78,17.1,16.78,17.02,16.8
2014-09-08,hk00484,16.82,16.88,16.8,16.8,16.9
2014-09-05,hk00484,16.82,17.0,16.82,16.9,17.0
2014-09-04,hk00484,17.12,17.14,16.92,17.0,17.26
2014-09-03,hk00484,17.0,17.32,17.0,17.26,17.0
2014-09-02,hk00484,17.14,17.16,16.96,17.0,17.12
2014-09-01,hk00484,17.26,17.26,17.02,17.12,17.48
2014-08-29,hk00484,17.12,17.5,16.92,17.48,17.24
2014-08-28,hk00484,17.5,17.58,17.12,17.24,17.3
2014-08-27,hk00484,17.86,17.98,17.16,17.3,17.66
2014-08-26,hk00484,18.0,18.0,17.58,17.66,17.8
2014-08-25,hk00484,18.14,18.14,17.72,17.8,18.16
2014-08-22,hk00484,18.0,18.32,17.92,18.16,17.86
2014-08-21,hk00484,17.12,18.2,17.08,17.86,17.2
2014-08-20,hk00484,17.02,17.36,17.02,17.2,17.1
2014-08-19,hk00484,17.38,17.68,17.04,17.1,17.38
2014-08-18,hk00484,17.9,17.9,17.36,17.38,17.98
2014-08-15,hk00484,18.0,18.12,17.9,17.98,18.06
2014-08-14,hk00484,18.8,18.86,17.94,18.06,18.7
2014-08-13,hk00484,18.64,18.88,18.5,18.7,18.64
2014-08-12,hk00484,19.18,19.28,18.4,18.64,19.18
2014-08-11,hk00484,18.2,19.26,18.2,19.18,18.24
2014-08-08,hk00484,18.22,18.38,18.08,18.24,18.3
2014-08-07,hk00484,18.54,18.7,18.22,18.3,18.54
2014-08-06,hk00484,18.02,18.58,17.88,18.54,18.02
2014-08-05,hk00484,17.94,18.16,17.82,18.02,17.94
2014-08-04,hk00484,18.18,18.32,17.7,17.94,18.14
2014-08-01,hk00484,18.28,18.64,18.02,18.14,18.38
2014-07-31,hk00484,18.0,18.88,18.0,18.38,18.14
2014-07-30,hk00484,19.5,19.6,18.1,18.14,19.52
2014-07-29,hk00484,20.1,20.4,19.5,19.52,20.2
2014-07-28,hk00484,19.92,20.5,19.8,20.2,19.78
2014-07-25,hk00484,19.9,20.5,19.72,19.78,19.9
2014-07-24,hk00484,20.6,20.8,19.8,19.9,20.6
2014-07-23,hk00484,21.8,22.35,20.6,20.6,21.7
2014-07-22,hk00484,20.85,22.4,20.0,21.7,20.95
2014-07-21,hk00484,21.95,21.95,20.8,20.95,22.4
2014-07-18,hk00484,23.8,23.85,22.35,22.4,25.8
2014-07-17,hk00484,25.6,25.8,25.3,25.8,25.6
2014-07-16,hk00484,25.8,25.9,25.25,25.6,25.9
2014-07-15,hk00484,25.8,26.1,25.8,25.9,25.8
2014-07-14,hk00484,25.9,26.0,25.7,25.8,25.9
2014-07-11,hk00484,25.8,26.3,25.8,25.9,25.8
2014-07-10,hk00484,25.85,26.05,25.75,25.8,25.75
2014-07-09,hk00484,26.2,26.2,25.7,25.75,26.35
2014-07-08,hk00484,26.65,26.95,26.05,26.35,26.65
2014-07-07,hk00484,27.6,28.1,26.6,26.65,27.1
2014-07-04,hk00484,26.2,27.2,26.2,27.1,26.0
2014-07-03,hk00484,26.4,26.45,25.55,26.0,25.95
2014-07-02,hk00484,26.65,26.65,25.4,25.95,26.65
2014-06-30,hk00484,25.7,26.7,25.7,26.65,25.95
2014-06-27,hk00484,26.2,26.55,25.5,25.95,26.0
2014-06-26,hk00484,25.25,26.2,25.25,26.0,25.6
2014-06-25,hk00484,24.8,25.95,24.3,25.6,24.85
2014-06-24,hk00484,25.6,26.1,24.4,24.85,25.6
2014-06-23,hk00484,27.1,27.6,25.5,25.6,27.45
2014-06-20,hk00484,28.25,28.35,27.3,27.45,28.25
2014-06-19,hk00484,28.5,28.7,28.15,28.25,28.5
2014-06-18,hk00484,28.4,28.8,28.25,28.5,28.35
2014-06-17,hk00484,28.25,28.55,27.9,28.35,28.0
2014-06-16,hk00484,28.5,28.75,27.95,28.0,28.45
2014-06-13,hk00484,28.5,28.75,28.4,28.45,28.6
2014-06-12,hk00484,28.35,28.85,28.2,28.6,28.4
2014-06-11,hk00484,28.3,28.8,28.1,28.4,28.35
2014-06-10,hk00484,28.2,28.45,28.15,28.35,28.2
2014-06-09,hk00484,28.65,28.95,28.1,28.2,28.65
2014-06-06,hk00484,28.65,29.15,28.55,28.65,28.6
2014-06-05,hk00484,29.35,29.35,28.2,28.6,29.35
2014-06-04,hk00484,29.0,29.8,29.0,29.35,29.6
2014-06-03,hk00484,30.0,30.0,29.1,29.6,30.0
2014-05-30,hk00484,29.15,30.0,28.75,30.0,29.35
2014-05-29,hk00484,30.0,30.2,29.15,29.35,30.2
2014-05-28,hk00484,29.5,30.75,29.05,30.2,29.5
2014-05-27,hk00484,29.7,30.25,29.5,29.5,29.7
2014-05-26,hk00484,30.0,30.5,29.5,29.7,29.9
2014-05-23,hk00484,30.05,30.5,29.5,29.9,30.05
2014-05-22,hk00484,29.85,30.95,29.85,30.05,30.2
2014-05-21,hk00484,28.95,30.3,28.05,30.2,29.1
2014-05-20,hk00484,29.6,30.35,29.1,29.1,29.6
2014-05-19,hk00484,29.6,30.7,29.15,29.6,30.75
2014-05-16,hk00484,31.1,31.1,30.45,30.75,31.4
2014-05-15,hk00484,31.35,33.0,31.0,31.4,31.55
2014-05-14,hk00484,28.8,31.6,27.9,31.55,28.8
2014-05-13,hk00484,29.4,29.6,28.6,28.8,29.0
2014-05-12,hk00484,28.85,29.85,28.5,29.0,28.85
2014-05-09,hk00484,28.8,29.55,28.6,28.85,28.6
2014-05-08,hk00484,31.3,32.0,28.5,28.6,31.2
2014-05-07,hk00484,31.2,31.25,30.5,31.2,31.6
2014-05-05,hk00484,31.7,32.049,30.3,31.6,31.7
2014-05-02,hk00484,31.0,32.549,31.0,31.7,31.25
2014-04-30,hk00484,32.95,32.95,31.0,31.25,32.8
2014-04-29,hk00484,34.05,34.3,31.4,32.8,34.3
2014-04-28,hk00484,37.35,37.65,34.0,34.3,37.35
2014-04-25,hk00484,38.5,38.8,37.15,37.35,38.7
2014-04-24,hk00484,37.2,38.85,37.05,38.7,37.0
2014-04-23,hk00484,36.1,38.3,36.1,37.0,36.5
2014-04-22,hk00484,37.75,38.0,35.9,36.5,37.85
2014-04-17,hk00484,38.5,39.2,37.0,37.85,38.5
2014-04-16,hk00484,38.0,39.5,37.95,38.5,38.0
2014-04-15,hk00484,38.85,39.0,38.0,38.0,38.85
2014-04-14,hk00484,39.6,39.6,38.3,38.85,40.0
2014-04-11,hk00484,40.4,40.5,39.8,40.0,41.0
2014-04-10,hk00484,41.0,41.35,40.5,41.0,40.35
2014-04-09,hk00484,40.25,41.2,39.85,40.35,40.1
2014-04-08,hk00484,40.4,40.75,39.35,40.1,40.85
2014-04-07,hk00484,42.4,42.4,40.5,40.85,42.25
2014-04-04,hk00484,41.95,42.5,41.7,42.25,42.8
2014-04-03,hk00484,44.1,44.1,42.1,42.8,44.15
2014-04-02,hk00484,44.4,44.55,42.7,44.15,43.9
2014-04-01,hk00484,41.8,44.15,41.6,43.9,41.6
2014-03-31,hk00484,43.4,43.4,41.25,41.6,42.5
2014-03-28,hk00484,41.5,43.35,41.5,42.5,41.25
2014-03-27,hk00484,44.8,44.8,40.4,41.25,44.9
2014-03-26,hk00484,45.0,46.9,42.55,44.9,49.1
2014-03-25,hk00484,51.9,52.3,48.3,49.1,52.25
2014-03-24,hk00484,53.0,53.0,52.0,52.25,53.0
2014-03-21,hk00484,52.6,53.1,52.6,53.0,52.55
2014-03-20,hk00484,52.9,53.7,52.5,52.55,53.45
2014-03-19,hk00484,53.45,54.1,52.6,53.45,53.05
2014-03-18,hk00484,53.6,54.2,52.6,53.05,53.55
2014-03-17,hk00484,53.0,53.9,52.95,53.55,53.2
2014-03-14,hk00484,55.6,56.0,52.7,53.2,56.65
2014-03-13,hk00484,57.15,58.9,55.9,56.65,57.0
2014-03-12,hk00484,60.0,60.0,56.95,57.0,60.75
2014-03-11,hk00484,60.5,61.1,60.5,60.75,60.1
2014-03-10,hk00484,60.0,61.5,59.0,60.1,58.8
2014-03-07,hk00484,59.4,60.0,58.2,58.8,59.4
2014-03-06,hk00484,57.55,59.6,56.0,59.4,56.95
2014-03-05,hk00484,60.0,61.3,56.8,56.95,59.3
2014-03-04,hk00484,58.0,61.75,58.0,59.3,55.4
2014-03-03,hk00484,52.95,55.7,52.85,55.4,53.1
2014-02-28,hk00484,54.1,54.1,52.6,53.1,54.1
2014-02-27,hk00484,53.6,54.6,53.45,54.1,53.5
2014-02-26,hk00484,52.9,53.6,52.9,53.5,52.85
2014-02-25,hk00484,54.15,54.4,52.8,52.85,54.0
2014-02-24,hk00484,55.1,55.1,53.5,54.0,54.4
2014-02-21,hk00484,56.6,56.6,54.2,54.4,55.6
2014-02-20,hk00484,56.8,57.6,54.9,55.6,56.95
2014-02-19,hk00484,56.3,58.45,55.1,56.95,56.1
2014-02-18,hk00484,56.75,56.75,54.5,56.1,56.25
2014-02-17,hk00484,53.5,56.75,53.5,56.25,53.2
2014-02-14,hk00484,53.35,54.25,52.7,53.2,53.3
2014-02-13,hk00484,54.0,54.5,53.2,53.3,54.0
2014-02-12,hk00484,54.7,54.75,53.75,54.0,53.95
2014-02-11,hk00484,54.75,55.0,53.8,53.95,54.95
2014-02-10,hk00484,55.6,55.6,54.7,54.95,55.05
2014-02-07,hk00484,54.6,55.4,54.2,55.05,54.3
2014-02-06,hk00484,54.05,54.5,53.6,54.3,53.8
2014-02-05,hk00484,55.4,55.4,53.5,53.8,54.5
2014-02-04,hk00484,55.8,55.8,54.05,54.5,56.5
2014-01-30,hk00484,54.8,56.75,54.6,56.5,55.55
2014-01-29,hk00484,55.6,56.9,55.05,55.55,55.95
2014-01-28,hk00484,54.6,56.4,54.6,55.95,54.55
2014-01-27,hk00484,54.85,55.4,53.2,54.55,56.5
2014-01-24,hk00484,56.25,57.75,56.25,56.5,57.4
2014-01-23,hk00484,58.2,58.5,55.9,57.4,58.2
2014-01-22,hk00484,59.5,59.5,58.15,58.2,59.0
2014-01-21,hk00484,60.8,60.85,57.9,59.0,60.1
2014-01-20,hk00484,60.6,61.9,59.55,60.1,60.6
2014-01-17,hk00484,60.7,62.2,60.0,60.6,60.4
2014-01-16,hk00484,62.5,62.5,60.0,60.4,61.8
2014-01-15,hk00484,59.6,63.5,59.0,61.8,58.7
2014-01-14,hk00484,61.5,62.2,58.35,58.7,62.2
2014-01-13,hk00484,61.0,63.0,60.5,62.2,60.0
2014-01-10,hk00484,58.05,62.35,58.05,60.0,58.6
2014-01-09,hk00484,63.6,64.5,58.4,58.6,62.9
2014-01-08,hk00484,55.1,63.25,54.5,62.9,54.45
2014-01-07,hk00484,56.05,57.3,54.05,54.45,55.9
2014-01-06,hk00484,52.25,56.3,51.8,55.9,52.75
2014-01-03,hk00484,53.5,53.5,52.6,52.75,53.75
2014-01-02,hk00484,54.0,54.3,53.0,53.75,54.0
2013-12-31,hk00484,53.85,54.45,53.5,54.0,53.5
2013-12-30,hk00484,54.2,54.7,53.05,53.5,53.85
2013-12-27,hk00484,53.2,55.6,53.0,53.85,53.0
2013-12-24,hk00484,51.8,53.15,51.2,53.0,51.8
2013-12-23,hk00484,51.15,52.25,51.0,51.8,51.3
2013-12-20,hk00484,52.0,52.4,50.6,51.3,52.2
2013-12-19,hk00484,53.35,54.1,52.0,52.2,53.25
2013-12-18,hk00484,53.1,54.1,53.0,53.25,53.1
2013-12-17,hk00484,54.55,55.3,53.0,53.1,54.4
2013-12-16,hk00484,56.0,56.0,54.35,54.4,56.0
2013-12-13,hk00484,55.15,56.3,54.5,56.0,55.15
2013-12-12,hk00484,56.7,57.1,55.0,55.15,56.7
2013-12-11,hk00484,58.0,58.0,55.9,56.7,57.95
2013-12-10,hk00484,57.8,58.4,56.1,57.95,57.1
2013-12-09,hk00484,55.2,57.4,54.3,57.1,54.5
2013-12-06,hk00484,54.9,55.1,54.2,54.5,54.9
2013-12-05,hk00484,54.75,55.35,53.8,54.9,54.75
2013-12-04,hk00484,51.5,54.8,51.1,54.75,51.9
2013-12-03,hk00484,52.4,52.5,51.2,51.9,52.6
2013-12-02,hk00484,53.3,53.5,52.5,52.6,53.15
2013-11-29,hk00484,53.0,53.6,52.6,53.15,53.05
2013-11-28,hk00484,53.1,53.55,53.0,53.05,52.95
2013-11-27,hk00484,53.4,53.5,52.6,52.95,53.4
2013-11-26,hk00484,54.05,54.55,53.05,53.4,54.0
2013-11-25,hk00484,54.5,54.7,53.1,54.0,54.15
2013-11-22,hk00484,54.1,54.7,54.1,54.15,53.85
2013-11-21,hk00484,55.0,55.2,53.5,53.85,55.1
2013-11-20,hk00484,53.0,55.2,52.5,55.1,52.85
2013-11-19,hk00484,53.8,53.85,52.3,52.85,53.8
2013-11-18,hk00484,55.3,55.35,52.3,53.8,54.8
2013-11-15,hk00484,54.3,55.9,54.3,54.8,54.35
2013-11-14,hk00484,54.5,55.2,53.6,54.35,54.25
2013-11-13,hk00484,55.6,55.6,53.5,54.25,56.05
2013-11-12,hk00484,59.9,59.95,55.95,56.05,59.45
2013-11-11,hk00484,58.5,59.6,58.5,59.45,58.3
2013-11-08,hk00484,61.5,61.5,58.2,58.3,61.55
2013-11-07,hk00484,62.1,62.1,61.1,61.55,62.1
2013-11-06,hk00484,62.0,62.7,61.5,62.1,61.65
2013-11-05,hk00484,62.25,62.3,61.05,61.65,61.8
2013-11-04,hk00484,63.35,63.9,61.7,61.8,63.3
2013-11-01,hk00484,63.55,64.2,62.95,63.3,64.0
2013-10-31,hk00484,62.5,64.099,62.0,64.0,62.55
2013-10-30,hk00484,61.7,62.7,61.5,62.55,61.7
2013-10-29,hk00484,62.8,62.9,61.05,61.7,62.8
2013-10-28,hk00484,63.45,63.45,62.3,62.8,62.85
2013-10-25,hk00484,64.5,64.5,62.75,62.85,64.0
2013-10-24,hk00484,62.5,64.05,62.15,64.0,62.6
2013-10-23,hk00484,64.5,65.5,62.05,62.6,64.05
2013-10-22,hk00484,65.8,66.8,63.1,64.05,65.25
2013-10-21,hk00484,62.1,65.45,61.8,65.25,61.45
2013-10-18,hk00484,63.5,63.5,61.15,61.45,62.6
2013-10-17,hk00484,62.05,64.45,61.55,62.6,61.4
2013-10-16,hk00484,64.3,64.349,60.5,61.4,64.349
2013-10-15,hk00484,66.5,66.5,63.75,64.349,66.05
2013-10-11,hk00484,68.0,68.45,65.7,66.05,67.1
2013-10-10,hk00484,66.1,67.75,65.8,67.1,66.05
2013-10-09,hk00484,66.2,68.3,65.6,66.05,68.35
2013-10-08,hk00484,71.5,72.0,67.7,68.35,71.5
2013-10-07,hk00484,72.5,73.95,70.5,71.5,71.5
2013-10-04,hk00484,68.1,73.2,68.1,71.5,67.5
2013-10-03,hk00484,61.75,69.6,61.5,67.5,
